Photo ID,Player,Set,Tags
53835769050, Larry Doby,1948-51 Postcard,(BAS/BLUEINK/HOF)
54083269992, Bob Feller,1955 Bowman,(BAS/HOF/BLUEINK)
53835513785, Minnie Minoso,1958 Topps,(HOF/BAS/BLUEINK/INSCRIPTION)
53834174772, Rocky Colavito,1960 Topps,(BAS/BLUEINK)
54206514604, Rocky Colavito,1961 Nu-Card Scoops,(INDIANS/PSA/BLACKINK)
54228170222, Bob Uecker,1966 Topps,(PSA/CARDINALS/BLUEINK)
53835378983, Dave Nelson,1969 Topps,(PSA/BLUEINK)
53834429937, Rocky Colavito,1973 Postcard,(BAS/BLUEINK/AVAILABLE)
54320930977, Satchel Paige/Bob Feller,1973-79 TCMA All-Time Greats,(BAS/DUAL/BLUEINK/HOF/BLACKINK)
54080595688, Frank Robinson,1975 SSPC,(HOF/PSA/BLUEINK)
53834174407, Rocky Colavito,1979 TCMA,(BAS/BLUEINK)
53834228122, Lou Boudreau,1980 Baseball Immortals,(HOF/PSA/BLUEINK)
53835578213, Early Wynn,1980 Laughlin 300/400/500,(HOF/BAS/BLUEINK)
53835576850, Terry Francona,1980 TCMA,(MILB/BAS/BLACKINK)
54074795444, Satchel Paige,1981 Cramer Baseball Legends,(HOF/PSA/BLUEINK)
53835329601, Joe Carter,1984 Indians Wheaties,(BAS/BLUEINK)
54257463934, Brett Butler,1986 Donruss,(PSA/BLUEINK)
52512126712, Joey (Albert) Belle,1986 Fleer Team Stickers,(BAS/BLUEINK)
53834457367, Sandy Alomar Jr,1986 ProCards,(MILB/PSA/BLUEINK)
54342750335, Roberto Alomar,1988 Donruss,(PSA/BLUEINK/HOF)
53056072161, Steve Olin,1988 Midwest League,(MILB/PSA/BLUEINK)
52512334811, Steve Olin,1989 CMC,(MILB/BAS/BLACKINK)
53802125427, Sandy Alomar Jr/Roberto Alomar,1989 Fleer,(HOF/PSA/DUAL/BLUEINK)
52513076625, Albert Belle,1989 Fleer Update,(BAS/BLUEINK)
52512600091, Joey (Albert) Belle,1989 Fleer Update,(BAS/BLUEINK)
53885465947, Joey (Albert) Belle,1989 Fleer Update,(BAS/BLUEINK/INSCRIPTION)
54301402523, Omar Vizquel,1989 Mother's Cookies,(MARINERS/BLUEINK/BAS)
52512334216, Steve Olin,1989 Postcard,(BAS/BLUEINK)
52512881633, Steve Olin,1989 ProCards AAA All-Stars,(MILB/BAS/BLACKINK)
54257225641, Steve Olin,1989 ProCards AAA All-Stars,(BAS/BLACKINK/MILB/AVAILABLE)
53239450291, Kenny Lofton,1989 ProCards Auburn,(MILB/BAS/BLACKINK)
53886682001, Steve Olin,1989 ProCards Colorado Springs,(MILB/BAS/BLUEINK)
53886682031, Steve Olin,1989 ProCards Colorado Springs,(MILB/BAS/BLACKINK)
52512812080, Steve Olin,1989 ProCards Colorado Springs Team Set,(MILB/BAS/BLUEINK)
52513145133, Albert Belle,1989 Score Rookie/Traded,(BAS/BLUEINK/INSCRIPTION)
52691123017, Albert Belle,1989 Score Rookie/Traded,(BAS/BLACKINK)
52512867539, Joey (Albert) Belle,1989 Score Rookie/Traded,(BAS/BLUEINK)
54300275562, Omar Vizquel,1989 Score Rookie/Traded,(MARINERS/BLUEINK/BAS)
54452018387, Joey (Albert) Belle,1989 Star Minor League,(PSA/BLUEINK)
54342337141, Roberto Alomar,1989 Topps Toys R Us Rookies,(PSA/BLUEINK/HOF)
54301583295, Omar Vizquel,1989 Topps Traded,(MARINERS/BLUEINK/BAS)
53525708071, Albert Belle,1990 Bowman,(BAS/BLACKINK/INSCRIPTION)
53885465927, Joey (Albert) Belle,1990 Bowman,(BAS/BLACKINK)
52512334816, Steve Olin,1990 Bowman,(BAS/BLACKINK)
53886682026, Steve Olin,1990 Bowman,(BAS/BLUEINK)
53886711389, Joey (Albert) Belle,1990 Classic Blue,(BAS/BLACKINK)
52511861857, Steve Olin,1990 Cleveland Indians,(BAS/BLACKINK)
52512602674, Steve Olin,1990 Donruss (VAR no dot),(PSA/BLUEINK)
52512867404, Joey (Albert) Belle,1990 Donruss,(BAS/INSCRIPTION/BLUEINK)
52513076155, Joey (Albert) Belle,1990 Donruss,(PSA/BLUEINK)
52513076630, Joey (Albert) Belle,1990 Donruss,(PSA/INSCRIPTION/BLACKINK)
52691123022, Joey (Albert) Belle,1990 Donruss,(BAS/BLACKINK)
53886908593, Steve Olin,1990 Donruss,(PSA/BLUEINK)
52512866929, Joey (Albert) Belle,1990 Fleer,(BAS/BLACKINK)
52513076335, Joey (Albert) Belle,1990 Fleer,(BAS/BLUEINK/INSCRIPTION)
52512603909, Steve Olin,1990 Fleer,(BAS/BLUEINK/AVAILABLE)
54257479143, Steve Olin,1990 Fleer,(PSA/BLUEINK)
52512126522, Albert Belle,1990 Leaf,(PSA/BLUEINK)
52513145623, Joey (Albert) Belle,1990 Leaf,(BAS/BLACKINK)
53885465932, Joey (Albert) Belle,1990 Leaf,(BLUEINK/BAS)
53835322953, Larry Doby,1990 Pacific Legends,(HOF/BLUEINK/BAS)
54342750630, Larry Doby,1990 Pacific Legends,(PSA/BLUEINK/HOF)
53835418224, Rocky Colavito,1990 Pacific Legends,(BAS/BLUEINK)
52513580509, Jim Thome,1990 ProCards Burlington Indians,(MILB/HOF/PSA/BLACKINK)
52847139243, Jim Thome,1990 ProCards Burlington Indians,(MILB/HOF/BLUEINK/BAS)
52513075960, Joey (Albert) Belle,1990 Score,(BLUEINK/BAS)
53526027959, Joey (Albert) Belle,1990 Score,(BAS/BLACKINK)
52512334711, Steve Olin,1990 Score,(BAS/BLUEINK)
53849376044, Steve Olin,1990 Score,(BLACKINK/BAS)
54257463579, Steve Olin,1990 Score,(PSA/BLUEINK/AVAILABLE)
54342565903, Sandy Alomar Jr.,1990 Score McDonald's,(PSA/BLUEINK/INSCRIPTION)
52512126722, Albert Belle,1990 Score Rising Star,(BAS/BLUEINK/INSCRIPTION)
54841635328, Joey Belle,1990 Score Rising Star,(BLUEINK/PSA)
53239923585, Joey (Albert) Belle,1990 Star Prospects,(BAS/BLACKINK)
52513076505, Joey (Albert) Belle,1990 Topps '89 Debut,(BLUEINK/BAS)
53886607333, Joey (Albert) Belle,1990 Topps '89 Debut,(BAS/BLACKINK)
52512600276, Joey (Albert) Belle,1990 Topps,(BAS/BLUEINK/INSCRIPTION)
52512866934, Joey (Albert) Belle,1990 Topps,(BLUEINK/BAS)
53524811877, Joey (Albert) Belle,1990 Topps,(BAS/BLACKINK)
52512602669, Steve Olin,1990 Topps,(BAS/BLUEINK)
52512603904, Steve Olin,1990 Topps 89 Debut,(BLUEINK/BAS)
52513076160, Joey (Albert) Belle,1990 Topps Rookies,(BAS/BLACKINK)
53835506809, Keith Hernandez,1990 Topps Traded,(PSA/BLUEINK)
53885465937, Joey (Albert) Belle,1990 Toys R Us Rookies,(BAS/BLACKINK)
52512599861, Joey (Albert) Belle,1990 Upper Deck,(BLUEINK/BAS)
52512334266, Steve Olin,1990 Upper Deck,(PSA/BLUEINK)
54257651175, Steve Olin,1990 Upper Deck,(BLUEINK/PSA/AVAILABLE)
53239807054, Albert Belle,1991 Bowman,(BAS/BLACKINK/INSCRIPTION)
53514189160, Jim Thome,1991 Bowman,(BAS/BLACKINK/HOF)
52513418019, Manny Ramirez,1991 Classic 4-Sport,(BAS/BLUEINK)
53807182316, Manny Ramirez,1991 Classic 4-Sport,(BAS/BLUEINK)
54257225886, Manny Ramirez,1991 Classic 4-Sport,(BAS/GOLDINK)
52513309021, Jim Thome,1991 Classic Best,(BAS/BLUEINK/HOF/MILB)
52513580034, Jim Thome,1991 Classic Best Gold Bonus,(BAS/BLUEINK/MILB/HOF)
54257455513, Jim Thome,1991 Classic Best Gold Bonus,(BLUEINK/CGCJSA/MILB/AVAILABLE/HOF)
52512676002, Manny Ramirez,1991 Classic Draft Picks,(BLUEINK/SGCJSA)
52512333876, Steve Olin,1991 Donruss (VAR missing dot),(BAS/BLUEINK)
53805030766, Steve Olin,1991 Donruss,(BAS/BLACKINK)
53886682061, Steve Olin,1991 Fleer (VAR missing dot),(BAS/BLUEINK)
52796890719, Albert Belle,1991 Fleer,(PSA/BLACKINK/INSCRIPTION)
52511863152, Steve Olin,1991 Fleer,(BAS/BLACKINK)
54080648363, Steve Olin,1991 Fleer,(PSA/BLUEINK)
53806248357, Manny Ramirez,1991 Front Row Draft Picks,(BAS/BLACKINK)
52513076500, Albert Belle,1991 Leaf,(BAS/BLACKINK/INSCRIPTION)
53340531054, Steve Olin,1991 Leaf,(BAS/BLUEINK)
54079470992, Jeff Kent,1991 Line Drive AA,(PSA/BLUEINK/MILB)
52513580014, Jim Thome,1991 Line Drive AA,(BAS/BLACKINK/HOF/MILB)
53807247311, Jim Thome,1991 Line Drive AA,(BAS/BLUEINK/MILB/HOF)
53835473849, Charlie Manuel,1991 Line Drive AAA,(BAS/BLUEINK/MILB)
52515311877, Kenny Lofton,1991 Line Drive AAA,(BAS/BLACKINK/MILB)
53886714364, Manny Ramirez,1991 Little Sun High School Prospects,(BAS/BLUEINK)
52512867174, Albert Belle,1991 O-Pee-Chee,(PSA/BLUEINK/INSCRIPTION)
52513858358, Jim Thome,1991 ProCards Canton-Akron Indians,(BAS/BLACKINK/HOF/MILB)
54453061850, Jim Thome,1991 ProCards Canton-Akron Indians,(PSA/HOF/BLUEINK)
52512334261, Steve Olin,1991 Score,(PSA/BLACKINK)
52512881188, Steve Olin,1991 Score Rising Stars,(BAS/BLUEINK)
53886908533, Steve Olin,1991 Stadium Club (VAR C*),(BAS/BLACKINK)
53526145190, Albert Belle,1991 Stadium Club,(BAS/BLACKINK/INSCRIPTION)
52846689461, Steve Olin,1991 Topps (VAR E* F*),(BAS/BLUEINK)
53805030761, Steve Olin,1991 Topps (VAR F*),(BAS/BLACKINK)
52513145668, Albert Belle,1991 Ultra,(BAS/BLUEINK/INSCRIPTION)
53804096997, Steve Olin,1991 Ultra,(BAS/BLUEINK)
53849278068, Steve Olin,1991 Ultra,(BAS/BLACKINK)
54256336287, Steve Olin,1991 Ultra,(PSA/BLACKINK/AVAILABLE)
53525884998, Albert Belle,1991 Upper Deck,(BAS/BLACKINK/INSCRIPTION)
52512882773, Steve Olin,1991 Upper Deck,(BAS/BLUEINK)
53887014319, Steve Olin,1991 Upper Deck,(BAS/BLACKINK)
52513308826, Jim Thome,1991 Upper Deck Final Edition,(BAS/BLACKINK/HOF)
52513790790, Jim Thome,1991-92 ProCards Tomorrow's Heroes,(SGC/BLUEINK/MILB/HOF)
54351018089, Kenny Lofton,1991-92 ProCards Tomorrow's Heroes,(BAS/REDINK/MILB)
52512677262, Manny Ramirez,1991-92 ProCards Tomorrow's Heroes,(PSA/BLUEINK/MILB)
52692055770, Manny Ramirez,1991-92 ProCards Tomorrow's Heroes,(BAS/BLUEINK/MILB)
54452692501, Manny Ramirez,1992 Bowman,(PSA/GOLDINK)
52513695573, Manny Ramirez,1992 Bowman FOIL,(BAS/BLACKINK)
52513579864, Jim Thome,1992 Classic,(BAS/BLACKINK/HOF)
52512676497, Manny Ramirez,1992 Classic Best,(PSA/BLUEINK/MILB)
52512126377, Albert Belle,1992 Donruss,(BLUEINK/BAS/INSCRIPTION)
52513790780, Jim Thome,1992 Donruss,(BLUEINK/HOF/BAS)
52512603464, Steve Olin,1992 Donruss,(BAS/BLUEINK)
54257651555, Steve Olin,1992 Donruss,(BAS/BLUEINK/AVAILABLE)
54349925597, Manny Ramirez,1992 Donruss Rookies,(BAS/GOLDINK)
52513145653, Albert Belle,1992 Fleer,(BLACKINK/BAS/INSCRIPTION)
52513579689, Jim Thome,1992 Fleer,(BAS/BLUEINK/HOF)
52511862217, Steve Olin,1992 Fleer,(BAS/BLUEINK)
53886908653, Steve Olin,1992 Fleer,(BAS/BLACKINK)
52512882638, Steve Olin,1992 Leaf (VAR missing dot),(BAS/BLUEINK)
52847088550, Albert Belle,1992 Leaf,(BAS/BLUEINK/INSCRIPTION)
52511862727, Steve Olin,1992 Leaf Black Gold,(BAS/BLACKINK)
53239450281, Kenny Lofton,1992 Leaf Gold Rookies,(BAS/BLACKINK)
52512881678, Steve Olin,1992 McDonalds Tribe Kids Fan Club,(BAS/BLACKINK)
52512867384, Albert Belle,1992 O-Pee-Chee,(BAS/BLUEINK/INSCRIPTION)
54799200088, Kenny Lofton,1992 O-Pee-Chee,(BLUEINK/PSA/INDIANS)
52513144928, Albert Belle,1992 Pinnacle,(BAS/BLUEINK/INSCRIPTION)
53807247306, Jim Thome,1992 Pinnacle,(BAS/BLUEINK/HOF)
52616306084, Manny Ramirez,1992 Pinnacle,(BAS/BLACKINK)
53807426008, Manny Ramirez,1992 Pinnacle,(BAS/BLUEINK)
52512810740, Steve Olin,1992 Pinnacle,(BAS/BLUEINK)
52513145648, Albert Belle,1992 Pinnacle Team 2000,(BAS/BLUEINK/INSCRIPTION)
52512839052, Jim Thome,1992 Pinnacle Team 2000,(BAS/BLUEINK/HOF)
54342565953, Kenny Lofton,1992 Pinnacle Team 2000,(PSA/BLUEINK)
52692058580, Albert Belle,1992 Score,(BAS/BLACKINK/INSCRIPTION)
54350813991, Jim Thome,1992 Score,(BAS/BLACKINK/HOF)
52513695763, Manny Ramirez,1992 Score,(SGCJSA/BLUEINK)
53807509264, Manny Ramirez,1992 Score,(BAS/BLUEINK)
52512812065, Steve Olin,1992 Score,(BAS/BLUEINK)
54257463544, Steve Olin,1992 Score,(BAS/BLUEINK/AVAILABLE)
52512839062, Jim Thome,1992 Score Impact Players,(BAS/BLUEINK/HOF)
52512603489, Steve Olin,1992 Stadium Club (VAR B),(BAS/BLACKINK)
52513076360, Albert Belle,1992 Stadium Club,(BAS/BLUEINK/INSCRIPTION)
52539029010, Manny Ramirez,1992 Stadium Club Dome,(BLUEINK/PSA)
52512866939, Albert Belle,1992 Studio,(BAS/BLUEINK/INSCRIPTION)
53886807948, Kenny Lofton,1992 Studio,(BAS/BLUEINK)
52847088555, Albert Belle,1992 Topps,(BAS/BLACKINK)
52513858153, Jim Thome,1992 Topps,(BAS/BLACKINK/HOF)
54341437157, Jim Thome,1992 Topps,(PSA/BLUEINK/HOF)
54799200098, Kenny Lofton,1992 Topps,(BLUEINK/PSA/INDIANS)
53807426013, Manny Ramirez,1992 Topps,(BAS/BLUEINK)
53887014339, Steve Olin,1992 Topps,(BAS/BLUEINK)
52513858148, Jim Thome,1992 Topps Gold,(BAS/BLACKINK/HOF)
52512676922, Manny Ramirez,1992 Topps Gold,(BAS/BLUEINK)
52796648336, Manny Ramirez,1992 Topps Gold,(BLUEINK/PSA)
52512881183, Steve Olin,1992 Topps Gold,(BAS/BLUEINK)
53799126998, Jim Thome,1992 Topps Gold Winner,(BLUEINK/HOF/PSA)
53807080234, Manny Ramirez,1992 Topps Gold Winner,(BLUEINK/PSA)
54452889079, Albert Belle,1992 Triple Play,(BLACKINK/PSA/INSCRIPTION)
52847144283, Steve Olin,1992 Triple Play,(BAS/BLACKINK)
52512600466, Albert Belle,1992 Ultra,(BAS/BLUEINK/INSCRIPTION)
52512839077, Jim Thome,1992 Ultra,(BAS/BLACKINK/HOF)
54310697789, Kenny Lofton,1992 Ultra,(BLUEINK/BAS)
52512882628, Steve Olin,1992 Ultra,(BLUEINK/PSA)
52515312167, Kenny Lofton,1992 Ultra All-Rookies,(BAS/BLACKINK)
52513076325, Albert Belle,1992 Upper Deck,(SGC/BLUEINK)
52513308671, Jim Thome,1992 Upper Deck,(BAS/BLACKINK/HOF)
54105614351, Jim Thome/Ryan Klesko,1992 Upper Deck,(CGCJSA/BLUEINK/HOF/DUAL/BRAVES/INDIANS)
53239450286, Kenny Lofton,1992 Upper Deck,(BAS/BLUEINK)
53805380094, Kenny Lofton,1992 Upper Deck,(BAS/BLUEINK)
52513695758, Manny Ramirez,1992 Upper Deck,(BAS/BLACKINK)
52540131341, Manny Ramirez,1992 Upper Deck,(BAS/BLUEINK)
53806248417, Manny Ramirez,1992 Upper Deck,(BAS/BLUEINK)
52512881628, Steve Olin,1992 Upper Deck,(BAS/BLUEINK)
54080860305, Steve Olin,1992 Upper Deck,(BAS/BLACKINK)
54257463589, Steve Olin,1992 Upper Deck,(BAS/BLUEINK/AVAILABLE)
53526145185, Albert Belle,1992 Upper Deck Home Run Heroes,(BAS/BLACKINK)
52513628570, Manny Ramirez,1992 Upper Deck Minors,(BAS/BLACKINK)
52692055760, Manny Ramirez,1992 Upper Deck Minors,(BAS/BLUEINK)
53803011436, Manny Ramirez,1992 Upper Deck Minors CL,(BAS/BLUEINK)
52692055765, Manny Ramirez,1992 Upper Deck Minors DS,(BLUEINK/BAS)
54080346851, Jim Thome,1992 Upper Deck Scouting Report,(HOF/BLUEINK/PSA)
52512599851, Albert Belle,1992 Upper Deck Team MVP Holograms,(BAS/BLACKINK/INSCRIPTION)
52513417554, Manny Ramirez,1992-93 Fleer Excel,(BAS/BLUEINK)
52512676902, Manny Ramirez,1993 Bowman,(BAS/BLACKINK)
53807425928, Manny Ramirez,1993 Classic Best Gold,(BAS/BLUEINK/MILB)
52513791575, Jim Thome,1993 Donruss,(BAS/BLUEINK/HOF)
53886379256, Albert Belle,1993 Donruss Elite Dominators,(BAS/BLUEINK)
54798090422, Albert Belle,1993 Finest Refractor,(PSA/BLUEINK/INDIANS)
53886799820, Carlos Baerga,1993 Finest Refractors,(BAS/BLUEINK)
53886799815, Reggie Jefferson,1993 Finest Refractors,(BAS/BLUEINK)
53803297598, Sandy Alomar Jr,1993 Finest Refractors,(BAS/BLUEINK)
52513791580, Jim Thome,1993 Fleer,(BAS/BLACKINK/HOF)
52515311887, Kenny Lofton,1993 Fleer,(BAS/BLACKINK)
52512839047, Jim Thome,1993 ProCards,(BAS/BLUEINK/HOF/MILB)
52513149486, Manny Ramirez,1993 ProCards,(BAS/BLACKINK/MILB)
54080806790, Terry Francona,1993 ProCards,(BLUEINK/MILB/PSA)
52512602664, Steve Olin,1993 Select,(BAS/BLACKINK)
52692141343, Kenny Lofton,1993 Select Stat Leaders,(BAS/BLUEINK)
52512675987, Manny Ramirez,1993 SP FOIL,(BAS/BLUEINK)
52846882984, Albert Belle,1993 Sports Illustrated for Kids,(BAS/BLUEINK)
53835513540, Rocky Colavito,1993 Ted Williams Company,(BLUEINK/PSA)
52515312182, Kenny Lofton,1993 Topps,(BAS/BLACKINK)
52616531423, Steve Olin,1993 Topps,(BAS/BLACKINK)
52616531793, Albert Belle,1993 Topps Gold,(BAS/BLUEINK/INSCRIPTION)
52513791570, Jim Thome,1993 Ultra,(BLUEINK/PSA/HOF)
53798900451, Manny Ramirez,1993 Ultra,(BLUEINK/PSA)
53807622100, Manny Ramirez,1993 Ultra,(BLUEINK/PSA)
52512867544, Albert Belle,1993 Upper Deck,(BAS/BLUEINK/INSCRIPTION)
54798945276, Albert Belle/Sandy Alomar Jr/Jim Thome/Carlos Baerga/Kenny Lofton,1993 Upper Deck,(PSA/BLUEINK/INDIANS/HOF)
52512677132, Manny Ramirez,1993 Upper Deck,(BAS/BLACKINK)
52512676892, Manny Ramirez,1994 Bowman FOIL,(BAS/BLUEINK)
52512867169, Albert Belle,1994 Collector's Choice,(BAS/BLACKINK)
52515311902, Kenny Lofton,1994 Collector's Choice,(BAS/BLUEINK)
52998043597, Manny Ramirez,1994 Collector's Choice,(BLUEINK/PSA)
52512677142, Manny Ramirez,1994 Collector's Choice Silver Signature,(BAS/BLUEINK)
52516266945, Kenny Lofton,1994 Donruss,(BAS/BLUEINK)
54341437257, Kenny Lofton,1994 Donruss Diamond Kings,(PSA/BLACKINK)
52515311882, Kenny Lofton,1994 Finest,(BAS/BLUEINK)
52512676492, Manny Ramirez,1994 Flair,(BAS/BLACKINK)
54351018344, Kenny Lofton,1994 Flair Hot Gloves,(BAS/BLACKINK)
52513858513, Jim Thome,1994 Fleer,(BAS/BLACKINK/HOF)
52513148326, Manny Ramirez,1994 Fleer,(BAS/BLACKINK)
53835674129, Eddie Murray,1994 Fleer Extra Bases,(BAS/BLUEINK/HOF)
53835674124, Jack Morris,1994 Fleer Extra Bases,(BAS/BLUEINK/HOF)
52512839257, Jim Thome,1994 Fleer Extra Bases,(BAS/BLACKINK/HOF)
52513418009, Manny Ramirez,1994 Fleer Extra Bases,(BAS/GOLDINK)
53835329591, Omar Vizquel,1994 Fleer Extra Bases,(BAS/BLUEINK)
54351222825, Bartolo Colon,1994 Fleer ProCards,(BAS/BLUEINK/MILB)
54079470987, Terry Francona,1994 Fleer ProCards,(BLUEINK/MILB/PSA)
52515312177, Kenny Lofton,1994 Leaf,(BAS/BLUEINK)
52513695558, Manny Ramirez,1994 Pinnacle,(BAS/BLUEINK)
53319363265, Albert Belle,1994 Post Cereal,(BAS/BLUEINK)
52513694898, Manny Ramirez,1994 SP,(BAS/SILVERINK)
52513144933, Albert Belle,1994 Stadium Club,(BAS/BLUEINK)
54350814331, Manny Ramirez,1994 Stadium Club,(BAS/BLACKINK)
53807481768, Kenny Lofton,1994 Stadium Club Members Only,(BAS/BLUEINK)
54798945271, Larry Doby,1994 Topps Archives ‘54 Gold,(PSA/BLUEINK/INDIANS/HOF)
54341437187, Larry Doby,1994 Topps Archives ‘54,(PSA/BLUEINK/HOF)
52846882959, Albert Belle,1994 Topps AS,(BAS/BLUEINK)
53835071996, Jack Morris,1994 Topps Traded,(BAS/BLUEINK)
53328520610, Albert Belle,1994 Upper Deck,(BAS/BLUEINK)
53835418244, Jack Morris,1994 Upper Deck,(BAS/BLUEINK)
52513418779, Manny Ramirez,1994 Upper Deck,(BECKETTJSA/REDINK)
53807481763, Kenny Lofton,1994 Upper Deck All-Star Jumbos Gold,(BAS/BLUEINK)
52513148691, Manny Ramirez,1994 Upper Deck Diamond Collection,(BAS/GOLDINK)
52692067700, Kenny Lofton,1994 Upper Deck Electric Diamond,(BAS/BLACKINK)
52513628575, Manny Ramirez,1994 Upper Deck Electric Diamond,(BAS/REDINK)
52513149521, Manny Ramirez,1994 Upper Deck Mantle's Long Shots,(BAS/GOLDINK)
53802625293, Bartolo Colon,1995 Best,(BAS/BLACKINK/MILB)
53802383601, Bartolo Colon,1995 Bowman,(BAS/BLUEINK)
53802383611, Bartolo Colon,1995 Bowmans Best,(BAS/BLACKINK)
54685354433, Bartolo Colon,1995 Bowmans Best,(BLUEINK/PSA)
54798090377, Kenny Lofton,1995 Collector's Choice,(BLUEINK/PSA/INDIANS)
52847139853, Kenny Lofton,1995 Collector's Choice SE,(BAS/BLACKINK)
54452945513, Manny Ramirez,1995 Collector’s Choice SE,(PSA/BLACKINK)
53835322973, Orel Hershiser,1995 Emotion,(BAS/BLACKINK)
53834174747, Orel Hershiser,1995 Flair,(BAS/BLUEINK)
52691916144, Jim Thome,1995 Fleer,(BAS/BLUEINK)
52513417559, Manny Ramirez,1995 Fleer Pro-Visions,(BAS/BLACKINK)
52513149126, Manny Ramirez,1995 Fleer Rookie Sensations,(BAS/BLACKINK)
54105956069, Jim Thome,1995 Leaf,(CGCJSA/BLUEINK/HOF)
52846690471, Albert Belle,1995 Pinnacle,(BAS/BLACKINK)
52513695323, Manny Ramirez,1995 Pinnacle SM,(BAS/REDINK)
54799179129, Carlos Baerga,1995 Pinnacle White Hot,(BLUEINK/INDIANS/PSA)
53835072471, John Hart,1995 REVCO,(BAS/BLUEINK)
52513695723, Manny Ramirez,1995 Revco,(BAS/BLACKINK)
53806248342, Manny Ramirez,1995 Score,(BAS/BLACKINK)
53806313557, Jim Thome,1995 Select,(BAS/BLACKINK)
53835418329, Eddie Murray,1995 Select Certified Mirror Gold,(BAS/BLUEINK)
54080346296, Manny Ramirez,1995 Signature Rookies Star Squad,(BLUEINK/PSA)
52616306079, Manny Ramirez,1995 SP Championships,(BAS/BLUEINK)
52847088580, Albert Belle,1995 Sports Illustrated for Kids,(BAS/BLUEINK)
53802625328, Bartolo Colon,1995 SP Top Prospects,(BAS/BLUEINK)
53886913134, Kenny Lofton,1995 Stadium Club,(BAS/BLUEINK)
54799200108, Kenny Lofton,1995 Topps,(BLUEINK/PSA/INDIANS)
53835322978, Dave Winfield,1995 UC3,(BAS/BLACKINK/HOF)
53805460020, Manny Ramirez,1995 Ultra All-Rookie,(BAS/BLUEINK)
53886606488, Albert Belle,1995 Ultra Gold Medallion,(BAS/BLUEINK/SILVERINK)
52513790955, Jim Thome,1995 Ultra Gold Medallion,(BAS/BLUEINK/HOF)
53885464997, Albert Belle,1995 Ultra Power Plus Gold Medallion,(BAS/BLUEINK)
54799179134, Carlos Baerga,1995 Zenith Z-Team,(BLUEINK/INDIANS/PSA)
53802713109, Bartolo Colon,1996 Best,(BAS/BLUEINK/MILB)
54080673004, Terry Francona,1996 Best,(BLUEINK/MILB/PSA)
52691916129, Jim Thome,1996 Bowman's Best,(BAS/BLUEINK/HOF)
52515788071, Kenny Lofton,1996 Bowman's Best,(BAS/BLUEINK)
54452017377, Bartolo Colon,1996 Bowman,(PSA/BLACKINK)
52692067710, Kenny Lofton,1996 Bowman,(BAS/BLACKINK)
54465771112, Bartolo Colon,1996 Bowman Minor League Player of the Year Candidate,(PSA/BLUEINK/INDIANS)
54079471772, Jim Thome,1996 Collector's Choice,(HOF/BLUEINK/PSA)
54080346291, Jim Thome,1996 Collector's Choice,(HOF/BLUEINK/PSA)
54080806195, Jim Thome,1996 Collector's Choice,(HOF/BLUEINK/PSA)
53806248352, Manny Ramirez,1996 Collector's Choice Crash the Game,(BAS/BLACKINK)
53976409722, Manny Ramirez,1996 Donruss Diamond Kings,(BLACKINK/PSA)
54799200103, Kenny Lofton,1996 Fleer,(BLUEINK/PSA/INDIANS)
54342565898, Kenny Lofton,1996 Fleer ENC,(PSA/BLUEINK)
53801448857, Bartolo Colon,1996 Fleer Excel,(BAS/BLUEINK/MILB)
53802383406, Bartolo Colon,1996 Fleer Excel Season Crowns,(BAS/BLUEINK/MILB)
52515312192, Kenny Lofton,1996 Fleer Indians,(BAS/BLACKINK)
53835809970, Jim Thome,1996 Fleer Indians Logo,(BAS/BLACKINK/HOF)
52512600086, Albert Belle,1996 Investors Journal Analyst,(BAS/BLUEINK)
52516334208, Kenny Lofton,1996 Leaf,(BAS/BLACKINK)
52847089270, Manny Ramirez,1996 Leaf Signature Series,(BAS/BLACKINK)
52691916139, Jim Thome,1996 Metal,(BAS/BLUEINK/HOF)
53886713604, Jim Thome,1996 Metal Platinum,(BAS/BLUEINK/HOF)
52515788316, Kenny Lofton,1996 Pinnacle,(BAS/BLACKINK)
53806248347, Manny Ramirez,1996 Pinnacle,(BAS/BLUEINK)
52512676927, Manny Ramirez,1996 Pinnacle Aficionado,(BAS/BLUEINK)
54351222890, Julio Franco,1996 Pinnacle Christie Brinkley Collection,(BAS/BLUEINK)
52512677147, Manny Ramirez,1996 Score,(BAS/BLACKINK)
53835417714, Orel Hershiser,1996 Score,(BAS/BLACKINK)
53835072411, Eddie Murray,1996 SP,(BAS/BLUEINK/HOF)
53992257962, Eddie Murray,1996 Stadium Club Ring Leaders,(BLUEINK/HOF/PSA)
53896558140, Bartolo Colon,1996 Topps,(BAS/BLUEINK)
53835072391, Orel Hershiser,1996 Topps,(BAS/BLACKINK)
53835513765, Dennis Martinez,1996 Topps Chrome Masters of the Game Refractor,(BAS/BLUEINK/INSCRIPTION)
54246979325, Dennis Martinez,1996 Topps Chrome Masters of the Game Refractor,(BAS/BLUEINK)
52515311897, Kenny Lofton,1996 Topps Laser,(BECKETTJSA/BLACKINK)
53805272078, Manny Ramirez,1996 Ultra,(BLUEINK/PSA)
53835513555, Orel Hershiser,1996 Upper Deck,(BAS/BLACKINK)
52515788311, Kenny Lofton,1996 Upper Deck Hot Commodities,(BAS/BLACKINK)
53802625033, Bartolo Colon,1997 Collector's Choice,(BAS/BLUEINK)
52513694423, Manny Ramirez,1997 Collector's Choice All-Star Connection,(BAS/BLACKINK)
53886382446, Jim Thome,1997 Collector's Choice Team Set,(BAS/BLACKINK)
54452018487, Kenny Lofton,1997 Collector's Choice The Big Show,(PSA/BLUEINK)
53835418234, Larry Doby,1997 Denny's Holograms,(BAS/BLUEINK/HOF)
54466615731, Bartolo Colon,1997 Donruss,(BAS/BLUEINK/INDIANS)
53802625063, Bartolo Colon,1997 Donruss Limited,(BAS/BLUEINK)
54350814296, Sandy Alomar Jr,1997 Finest Refractor,(BAS/BLUEINK)
54799278290, Albert Belle,1997 Fleer,(BLUEINK/PSA/INDIANS)
54798945266, Bartolo Colon,1997 Fleer,(PSA/BLUEINK/INDIANS)
52513790960, Jim Thome,1997 Fleer,(BAS/BLUEINK)
54799278285, Albert Belle,1997 Fleer CL,(BLUEINK/PSA/INDIANS)
53802814925, Bartolo Colon,1997 Leaf,(BAS/BLUEINK)
53835323103, Orel Hershiser,1997 Pinnacle,(BAS/BLUEINK)
53835578208, Larry Doby,1997 Pinnacle All-Star FanFest Media Pass,(BAS/BLUEINK/HOF)
53803058001, Sandy Alomar Jr,1997 Pinnacle Certified Mirror Gold,(BAS/BLUEINK)
53835513545, Larry Doby,1997 Pinnacle FanFest Promo,(BAS/BLUEINK/HOF)
53803058006, Sandy Alomar Jr,1997 Pinnacle FanFest Redemption Card,(BAS/BLUEINK)
53803297653, Sandy Alomar Jr,1997 Pinnacle FanFest SP,(BAS/BLUEINK)
54351222605, Sandy Alomar Jr,1997 Pinnacle FanFest SP,(BAS/BLUEINK/INSCRIPTION)
52512839377, Jim Thome,1997 Pinnacle Inside,(BAS/BLACKINK/HOF)
52513628790, Manny Ramirez,1997 Pinnacle Inside,(BAS/BLACKINK)
53835417944, Orel Hershiser,1997 Pinnacle Museum Collection,(BAS/BLACKINK)
53805460015, Manny Ramirez,1997 Score,(BAS/BLACKINK)
52516057679, Kenny Lofton,1997 Score Indians,(BAS/BLACKINK)
53802713054, Bartolo Colon,1997 Select,(BAS/BLUEINK)
53834228132, Herb Score,1997 SGA Herb Score Night,(BAS/BLUEINK)
53835376683, Herb Score,1997 SGA Herb Score Night,(BAS/BLUEINK)
53803297593, Sandy Alomar Jr,1997 Sports Illustrated SH,(BAS/BLUEINK)
52516266935, Kenny Lofton,1997 Stadium Club,(BAS/BLACKINK)
53802713059, Bartolo Colon,1997 Stadium Club TSC 2000,(BAS/BLUEINK)
53802383391, Bartolo Colon,1997 Studio,(BAS/BLUEINK)
54452872196, Bartolo Colon,1997 Topps,(PSA/BLUEINK)
53835322758, Jeff Kent,1997 Topps,(BAS/BLUEINK)
54349925532, Sandy Alomar Jr,1997 Topps Stars All-Star Memories,(BAS/BLUEINK)
53835322963, Larry Doby,1997 Ultra FanFest,(BAS/BLUEINK/HOF)
53835513535, Orel Hershiser,1997 Upper Deck,(BAS/BLUEINK)
53886710504, Albert Belle,1997-98 Fleer Million Dollar Moments,(BAS/BLUEINK)
53835418289, Bob Feller,1997-98 Fleer Million Dollar Moments,(BAS/BLUEINK)
52693811600, CC Sabathia,1998 Appalachian League Burlington Indians,(BAS/BLUEINK/MILB/HOF)
54798945401, Kenny Lofton,1998 Bowman,(BLUEINK/PSA/INDIANS)
54453120583, Bartolo Colon,1998 Collector's Choice,(PSA/BLUEINK)
52847083145, Kenny Lofton,1998 Collector's Choice,(BAS/BLACKINK)
53896557520, Bartolo Colon,1998 Donruss,(BAS/BLUEINK)
53802713599, Bartolo Colon,1998 Donruss Collections Leaf,(BAS/BLACKINK)
54799179094, Bartolo Colon,1998 Donruss Elite,(PSA/BLUEINK/INDIANS)
53802815520, Bartolo Colon,1998 Donruss Elite Aspirations,(BAS/BLACKINK)
54105875733, Jim Thome,1998 Flair Showcase Row 1,(CGCJSA/HOF/BLUEINK)
53802625448, Bartolo Colon,1998 Fleer Tradition,(BAS/BLUEINK)
53802383751, Bartolo Colon,1998 Leaf Fractal Foundations,(BAS/BLACKINK)
53802713294, Bartolo Colon,1998 Leaf Fractal Matrix,(BAS/BLACKINK)
53892086573, Travis Hafner,1998 Multi-Ad,(BAS/BLUEINK/MILB)
53892182719, Travis Hafner,1998 Multi-Ad,(BLACKINK/BAS/MILB)
53803382939, Sandy Alomar Jr,1998 Pinnacle CL,(BAS/BLUEINK/INSCRIPTION)
52513308846, Jim Thome,1998 Pinnacle GJ,(BAS/BLUEINK/HOF)
54799199993, Kenny Lofton,1998 Skybox Dugout Axcess,(PSA/BLUEINK/INDIANS)
52516246550, Jim Thome,1998 SP Authentic,(BAS/BLACKINK)
52512676477, Manny Ramirez,1998 SP Authentic,(BAS/GOLDINK)
53803492955, Sandy Alomar Jr,1998 Sports Illustrated 97,(BAS/BLUEINK)
53885468327, Jim Thome,1998 SPx Finite Spectrum,(BAS/BLACKINK/HOF)
53803494710, Sandy Alomar Jr/Roberto Alomar,1998 Stadium Club Co-Signers,(BAS/BLUEINK/HOF/DUAL)
53896557510, Bartolo Colon,1998 Studio,(BAS/BLUEINK)
53835418249, Orel Hershiser,1998 Topps,(BAS/BLUEINK)
52513148331, Manny Ramirez,1998 Topps Tek,(BAS/BLACKINK)
53802815115, Bartolo Colon,1998 Upper Deck,(BAS/BLUEINK)
54080347186, Jim Thome,1998 Upper Deck,(HOF/BLACKINK/PSA)
52846877739, Kenny Lofton,1998 Upper Deck,(BAS/BLUEINK)
54453120418, Bartolo Colon,1999 Bowman,(PSA/BLUEINK)
54453121443, CC Sabathia,1999 Bowman,(PSA/BLUEINK/HOF)
53535052928, CC Sabathia,1999 Bowman Chrome,(BAS/BLUEINK/HOF)
52692883242, CC Sabathia,1999 Bowman Chrome Gold,(BAS/BLUEINK/HOF)
54291950623, CC Sabathia,1999 Bowman Chrome Refractor,(INDIANS/BLUEINK/PSA/HOF)
52692883532, CC Sabathia,1999 Bowman International,(BAS/BLACKINK/HOF)
52693811775, CC Sabathia,1999 Bowmans Best,(BAS/BLUEINK/HOF)
52693401656, CC Sabathia,1999 Finest,(BAS/BLUEINK/HOF)
52693401496, CC Sabathia,1999 Finest Refractor,(BAS/BLUEINK/HOF)
52847113625, CC Sabathia,1999 Just,(BAS/BLACKINK/MILB/HOF/AVAILABLE)
54342336786, CC Sabathia,1999 Just,(PSA/BLUEINK/HOF)
53890929867, Travis Hafner,1999 Multi-Ad,(BAS/BLUEINK/MILB)
52693666434, CC Sabathia,1999 Multi-Ad Mahoning Valley Scrappers,(BAS/BLUEINK/MILB/HOF)
52862372179, Victor Martinez,1999 Multi-Ad Mahoning Valley Scrappers,(BAS/BLACKINK/MILB)
53835601455, Travis Hafner,1999 Multi-Ad Top Prospect,(BAS/BLUEINK/MILB)
52513858353, Jim Thome,1999 Pacific Prism,(BLACKINK/HOF/PSA)
53802713509, Bartolo Colon,1999 Skybox Thunder,(BAS/BLUEINK)
52693666164, CC Sabathia,1999 Team Best,(BLUEINK/BAS/MILB/HOF)
54257226061, CC Sabathia,1999 Team Best,(PSA/REDINK/MILB/HOF)
52693811760, CC Sabathia/Zach Sorenson,1999 Team Best Future Stars,(BAS/BLUEINK/MILB/DUAL/HOF)
52693811530, CC Sabathia,1999 Team Best Player of the Year,(BAS/BLACKINK/MILB/HOF)
53804089417, Manny Ramirez,1999 Topps Gallery,(BAS/BLUEINK)
53802815060, Bartolo Colon,1999 Topps Gallery ART,(BAS/BLUEINK)
52692883647, CC Sabathia,1999 Topps Traded,(BAS/BLUEINK/HOF)
52693890008, CC Sabathia,1999 Topps Traded Chrome,(BLUEINK/BAS/HOF)
54452017372, Bartolo Colon,1999 Upper Deck Victory,(PSA/BLUEINK)
54257675625, Manny Ramirez,1999 Upper Deck Victory,(BAS/BLUEINK)
53886913114, Kenny Lofton,1999 Upper Deck Wonder Years,(BAS/BLACKINK)
52693811615, CC Sabathia,2000 Bowman's Best,(BAS/BLUEINK/HOF)
53896475194, Bartolo Colon,2000 Bowman,(BAS/BLUEINK)
53835369996, Brandon Phillips,2000 Bowman,(BAS/BLACKINK/EXPOS)
54342565583, CC Sabathia,2000 Bowman,(PSA/BLUEINK/HOF)
53835370151, Brandon Phillips,2000 Bowman Chrome,(BAS/BLACKINK/EXPOS)
53807259301, CC Sabathia,2000 Bowman Chrome,(BAS/BLACKINK/HOF)
52693811365, CC Sabathia,2000 Bowman Chrome Teen Idols,(BAS/BLUEINK/HOF)
53835714799, Brandon Phillips,2000 Bowman Chrome Teen Idols Refractor,(BAS/BLACKINK/EXPOS)
52693666724, CC Sabathia,2000 Bowman Chrome Teen Idols Refractor,(BAS/BLUEINK/HOF)
53802107292, Grady Sizemore,2000 Bowman Draft,(BAS/BLACKINK/EXPOS)
53807730430, Grady Sizemore,2000 Bowman Draft,(BAS/BLUEINK/EXPOS)
54257455288, Grady Sizemore,2000 Bowman Draft,(BAS/BLUEINK/AVAILABLE)
54453121448, CC Sabathia,2000 Choice Carolina League Kinston Indians,(PSA/HOF/BLACKINK/MILB)
52862643653, Victor Martinez,2000 Choice Carolina League Kinston Indians,(BAS/BLACKINK/MILB)
54080595173, CC Sabathia,2000 Choice Kinston Indians,(BLACKINK/MILB/PSA/HOF)
52862205661, Victor Martinez,2000 Choice Kinston Indians,(BAS/BLACKINK/MILB)
53835513775, Dave Winfield,2000 Fleer Club 3000,(BAS/BLUEINK/HOF/TWINS)
53802713129, Bartolo Colon,2000 Fleer Focus,(BAS/BLUEINK)
53896136611, Bartolo Colon,2000 Fleer Mystique,(BAS/BLACKINK)
54453120428, Bartolo Colon,2000 Fleer Tradition,(PSA/BLUEINK)
53834174192, Larry Doby,2000 Greats of the Game,(BAS/BLUEINK/HOF)
52693811595, CC Sabathia,2000 Just,(BAS/MILB/BLACKINK/HOF)
53807698530, CC Sabathia,2000 Just,(BAS/BLUEINK/MILB/HOF)
53534329067, CC Sabathia,2000 Just Gold,(BLUEINK/MILB/PSA/HOF)
53896137251, Bartolo Colon,2000 MLB Showdown,(BAS/BLUEINK)
53896481919, Brandon Phillips,2000 Multi-Ad,(BAS/BLUEINK/MILB)
54257651340, Brandon Phillips,2000 Multi-Ad,(BAS/BLUEINK/MILB/AVAILABLE)
52693401646, CC Sabathia,2000 Multi-Ad Akron Aeros,(BAS/BLUEINK/MILB/HOF)
54080672989, CC Sabathia,2000 Royal Rookies Blue Chips,(PSA/MILB/BLUEINK/HOF)
52693401106, CC Sabathia,2000 SP Top Prospects,(BAS/BLUEINK/MILB/HOF)
54342750175, CC Sabathia,2000 SP Top Prospects,(PSA/BLUEINK/HOF/AVAILABLE)
53807686255, Jim Thome,2000 Stadium Club,(BAS/BLACKINK/HOF)
54298941401, CC Sabathia,2000 Topps,(HOF/INDIANS/BLUEINK/BECKETTJSA)
53834470502, Brandon Phillips,2000 Topps Traded,(BAS/BLACKINK/EXPOS)
52691127267, Jim Thome,2000 UD Ionix,(BAS/BLUEINK/HOF)
53801449032, Bartolo Colon,2000 Ultra,(BLUEINK/BAS)
53835072221, Roberto Alomar,2000 Upper Deck Game Used Souvenirs,(BAS/BLUEINK/HOF/MEM)
54453061104, Bartolo Colon,2000 Upper Deck Gold Reserve,(PSA/BLUEINK)
52515788421, Kenny Lofton,2000 Upper Deck Victory,(BAS/BLUEINK)
53941313690, Manny Ramirez,2000 Upper Deck Victory,(BLUEINK/PSA)
53896386008, Brandon Phillips,2001 Arizona Fall League,(BAS/BLACKINK/MILB)
54453060954, Bartolo Colon,2001 Bowman,(PSA/BLUEINK)
52692883917, CC Sabathia,2001 Bowman,(BAS/BLACKINK/HOF)
53803041426, Grady Sizemore,2001 Bowman,(BLUEINK/BAS/EXPOS)
53803281198, Grady Sizemore,2001 Bowman,(BAS/BLUEINK/EXPOS)
53834262267, Travis Hafner,2001 Bowman,(BLUEINK/PSA/RANGERS)
54351039023, Bob Feller,2001 Bowman Heritage '48 Reprints Relics,(BAS/BLUEINK/MEM/HOF)
52693811540, CC Sabathia,2001 Bowman Heritage,(BAS/BLACKINK/HOF)
54105616536, Bartolo Colon,2001 Bowmans Best,(CGCJSA/BLUEINK)
53835507194, Coco Crisp,2001 Choice,(BAS/BLUEINK/MILB)
52862205456, Victor Martinez,2001 Choice Carolina League Kinston Indians,(BECKETTJSA/BLUEINK/MILB)
52862642958, Victor Martinez,2001 Choice Kinston Indians,(BAS/BLACKINK/MILB)
53807238461, Kenny Lofton,2001 Donruss,(BAS/BLUEINK)
52861628787, Victor Martinez,2001 Donruss Class of 2001,(BAS/BLACKINK)
53526152640, CC Sabathia,2001 Donruss Elite,(BAS/BLUEINK/HOF)
52861628567, Victor Martinez,2001 Donruss Elite,(BAS/BLACKINK)
54452872201, Bartolo Colon,2001 Donruss Signature Series,(PSA/BLUEINK)
53835714594, Travis Fryman,2001 Fleer Genuine,(BAS/BLUEINK)
54341436877, CC Sabathia,2001 Fleer Platinum,(PSA/BLACKINK/HOF)
53896379278, Bartolo Colon,2001 Fleer Tradition,(BAS/BLUEINK)
53806358482, Grady Sizemore,2001 Grandstand Clinton Lumberkings,(BAS/BLUEINK/MILB)
54257225621, Grady Sizemore,2001 Grandstand Clinton Lumberkings,(BAS/BLACKINK/MILB/AVAILABLE)
54257455498, Grady Sizemore,2001 Grandstand Clinton Lumberkings,(BECKETTJSA/BLUEINK/MILB/AVAILABLE)
53895224432, Brandon Phillips,2001 Jupiter Hammerheads,(BAS/BLUEINK/MILB)
53802795730, Cliff Lee,2001 Jupiter Hammerheads,(BAS/BLACKINK/MILB)
53807736725, Cliff Lee,2001 Jupiter Hammerheads,(BAS/BLUEINK/MILB)
53834174392, Bob Feller,2001 Leaf Certified Materials Fabric of the Game,(BAS/BLUEINK/HOF/MEM)
53895218057, Bartolo Colon,2001 Leaf Rookies & Stars,(BAS/BLUEINK)
52847143973, CC Sabathia,2001 MLB Showdown,(BAS/BLACKINK/HOF)
53803058011, Sandy Alomar Jr,2001 SP Game Bat Edition,(BAS/BLUEINK/MEM)
53835322968, Bob Feller,2001 SP Legendary Cuts Debut Game Bat,(BAS/BLUEINK/HOF/MEM)
52693666159, CC Sabathia,2001 SP Top Prospects,(BAS/BLACKINK/MILB/HOF)
53803365979, Grady Sizemore,2001 Stadium Club,(BAS/BLACKINK/EXPOS)
52846106082, Kenny Lofton,2001 Stadium Club,(BAS/BLUEINK)
54465774017, Manny Ramirez,2001 Stadium Club,(PSA/BLACKINK/INDIANS)
52693811765, CC Sabathia,2001 Team Best,(BAS/BLACKINK/MILB/HOF)
54257675695, CC Sabathia,2001 Team Best,(PSA/BLACKINK/MILB/AVAILABLE/HOF)
54080806180, CC Sabathia,2001 Topps,(BAS/BLUEINK/HOF)
52846881614, CC Sabathia/Barry Zito,2001 Topps,(BAS/BLUEINK/DUAL/HOF)
54342750445, Jack Morris,2001 Topps Archives,(PSA/BLUEINK/HOF)
53802832255, Bob Feller/Bartolo Colon,2001 Topps Chrome Past to Present,(BAS/BLACKINK/HOF/DUAL)
52693666429, CC Sabathia,2001 Topps Fusion,(BAS/BLACKINK/HOF)
53834262942, Travis Hafner,2001 Topps Gold,(BAS/BLUEINK)
54351222755, Sandy Alomar Jr,2001 Topps Gold Label MLB Award Ceremony Relics,(BAS/BLUEINK/MEM)
52693811255, CC Sabathia,2001 Topps Traded,(BAS/BLACKINK/HOF)
54799278375, Sandy Alomar Jr,2001 Upper Deck Midsummer Classic Moments,(INDIANS/BLUEINK/PSA)
53835714734, Brandon Phillips,2001 Upper Deck Minors Centennial Game Bat,(BAS/BLACKINK/MEM/MILB)
53896474569, Bartolo Colon,2001 Upper Deck Vintage,(BAS/BLUEINK)
53886913174, Kenny Lofton,2001 Upper Deck Vintage,(BAS/BLACKINK)
52861628392, Victor Martinez,2001-02 Lineup Venezuela,(BAS/BLACKINK/MILB)
54341436887, CC Sabathia,2002 Bowman,(PSA/BLACKINK/HOF)
53803041266, Grady Sizemore,2002 Bowman,(BAS/BLACKINK/EXPOS)
53835623960, Shin/Soo Choo,2002 Bowman Draft,(BAS/BLUEINK/MARINERS)
52862371094, Victor Martinez,2002 Bowman Draft,(BAS/BLACKINK)
52692883317, CC Sabathia,2002 Burlington Indians,(BAS/BLACKINK/MILB/HOF)
54799278245, Jim Thome,2002 Diamond Kings,(BLUEINK/PSA/INDIANS)
52862205151, Victor Martinez,2002 Diamond Kings,(BAS/BLACKINK)
52862205176, Victor Martinez,2002 Diamond Kings Silver Foil,(BAS/BLACKINK)
52862205166, Victor Martinez,2002 Donruss,(BAS/BLACKINK)
52861628322, Victor Martinez,2002 Donruss Best of Fan Club,(BAS/BLACKINK)
52862371099, Victor Martinez,2002 Donruss Career Stat Line,(BAS/BLACKINK)
53802693754, Cliff Lee,2002 Donruss Elite,(BAS/BLACKINK)
52693666404, CC Sabathia,2002 Donruss Fan Club,(BAS/BLUEINK/HOF)
52692883797, CC Sabathia,2002 Donruss Promo,(BAS/BLACKINK/HOF)
53802363251, Cliff Lee,2002 Donruss Rookie Crusade,(BAS/BLACKINK)
53802606038, Cliff Lee,2002 Donruss Rookies,(BAS/BLUEINK)
54453121543, Victor Martinez,2002 Donruss The Rookies,(PSA/BLUEINK)
54799199983, Bartolo Colon,2002 Fleer,(PSA/BLUEINK/INDIANS)
52862596740, Victor Martinez,2002 Fleer,(BAS/BLUEINK)
52693889903, CC Sabathia,2002 Fleer Box Score,(BAS/BLUEINK/HOF)
53835514165, Dave Winfield,2002 Fleer Genuine Tip of the Cap Game Used,(BAS/BLUEINK/HOF/MEM)
54452018377, Dave Winfield,2002 Fleer Genuine Tip of the Cap Game Used,(PSA/BLUEINK/HOF/MEM)
54453231400, Dave Winfield,2002 Fleer Genuine Tip of the Cap Game Used,(PSA/HOF/BLUEINK/MEM)
52693811630, CC Sabathia,2002 Fleer Maximum,(BAS/BLACKINK/HOF)
53807285391, Ryan Drese/Victor Martinez,2002 Fleer Platinum,(BAS/BLUEINK/DUAL)
52862643643, Victor Martinez,2002 Fleer Platinum,(BAS/BLACKINK)
54498921532, Omar Vizquel,2002 Fleer Platinum Clubhouse Collection,(BLUEINK/INDIANS/MEM)
54452018472, CC Sabathia,2002 Fleer Rookie Flashback,(PSA/HOF/BLUEINK)
53055482347, Victor Martinez,2002 Fleer Tradition,(BLUEINK/PSA)
53807698665, CC Sabathia,2002 Fleer Triple Crown,(BAS/BLUEINK/HOF)
53896143891, Brandon Phillips,2002 Grandstand,(BAS/BLACKINK/MILB)
54453231335, Brandon Phillips,2002 Grandstand,(PSA/BLUEINK/MILB)
54079471757, Cliff Lee,2002 Grandstand,(BLUEINK/MILB/PSA)
54342336776, Cliff Lee,2002 Grandstand,(PSA/BLUEINK/AVAILABLE)
52862205186, Victor Martinez,2002 Grandstand AA All-Star Game,(BAS/BLACKINK/MILB)
52862642588, Victor Martinez,2002 Grandstand Akron Aeros,(BAS/BLACKINK/MILB)
54342750735, Cliff Lee,2002 Justifiable Silver,(PSA)
53835809660, Shin/Soo Choo,2002 Justifiable Silver,(BLUEINK/MILB/PSA)
54453062169, Victor Martinez,2002 Justifiable Silver,(PSA/BLUEINK)
53835715154, Shin/Soo Choo,2002 Just Minors Justifiable Gold Prototype,(BLUEINK/MILB/PSA)
53835714864, Shin/Soo Choo,2002 Just Rookies,(BLUEINK/MILB/PSA)
53835714534, Shin/Soo Choo,2002 Just Rookies Silver,(BLUEINK/MILB/PSA)
54453062029, Victor Martinez,2002 Leaf,(PSA/BLUEINK)
52862643628, Victor Martinez,2002 Leaf Certified NG JSY,(BAS/BLACKINK/MEM)
53802606023, Cliff Lee,2002 Leaf Rookies & Stars,(BAS/BLACKINK)
53835433953, Shin/Soo Choo,2002 Multi-Ad,(BAS/BLUEINK/MILB)
54257455293, Shin/Soo Choo,2002 Multi-Ad,(BAS/BLUEINK/MILB/AVAILABLE)
53890929887, Travis Hafner,2002 Multi-Ad,(BAS/BLACKINK/MILB)
52868219371, Victor Martinez,2002 Multi-Ad Akron Aeros,(BAS/BLUEINK/MILB)
53803041301, Grady Sizemore,2002 Multi-Ad Brevard County Manatees,(BLUEINK/MILB/PSA)
52693890023, CC Sabathia,2002 SP Authentic Game Jersey Gold,(BAS/BLUEINK/MEM/HOF)
53806326192, CC Sabathia,2002 SPx,(BAS/BLUEINK/HOF)
52693401651, CC Sabathia,2002 Sweet Spot,(BAS/BLACKINK/HOF)
54466871303, Bartolo Colon,2002 Topps,(BAS/BLUEINK/INDIANS)
52692883632, CC Sabathia,2002 Topps,(BLUEINK/BAS/HOF)
52692883327, CC Sabathia,2002 Topps 206,(BAS/BLUEINK/HOF)
52846110292, CC Sabathia,2002 Topps 206,(BAS/BLACKINK/HOF)
54453121438, Sandy Alomar Jr,2002 Topps Gold Label Award Ceremony Relic,(PSA/BLUEINK/MEM)
54466871258, Bartolo Colon,2002 Topps Heritage,(PSA/BLUEINK/INDIANS)
52692883937, CC Sabathia,2002 Topps Heritage,(BAS/BLACKINK/HOF)
52847143908, CC Sabathia,2002 Topps Opening Day,(BAS/BLACKINK/HOF)
54104751667, Bartolo Colon,2002 Topps Ten,(CGCJSA/BLUEINK)
52862643658, Victor Martinez,2002 Topps Total,(BAS/BLACKINK)
54295651778, Bob Feller,2002 Topps Tribute Milestone Material,(INDIANS/HOF/MEM/BLACKINK/BAS)
53886808038, Kenny Lofton,2002 Ultra,(BAS/BLACKINK)
54490707370, Omar Vizquel,2002 Ultra On the Road Game Jersey,(BLUEINK/BAS/MEM/INDIANS)
53896378703, Bartolo Colon,2002 Upper Deck 40-Man,(BAS/BLUEINK)
54453230320, Bartolo Colon,2002 Upper Deck Authentics,(PSA/BLUEINK)
53803280948, Grady Sizemore,2002 Upper Deck Minor League,(BAS/BLUEINK/MILB)
54256336057, Grady Sizemore,2002 Upper Deck Minor League,(BAS/BLUEINK/MILB/AVAILABLE)
54799278250, Shin Soo Choo,2002 Upper Deck Minor League,(MARINERS/MILB/PSA/BLUEINK)
52693708959, CC Sabathia,2002 Upper Deck Ovation,(BAS/BLACKINK/HOF)
53807586044, CC Sabathia,2002 Upper Deck Vintage,(BAS/BLUEINK/HOF)
52692063085, Jim Thome,2002 Upper Deck World Series Heroes,(BAS/BLACKINK/HOF)
54350814456, Cliff Lee,2003 Absolute Memorabilia,(BAS/BLUEINK)
53835809930, Shin/Soo Choo,2003 Bazooka Silver,(BAS/BLUEINK/MARINERS)
53807623914, Cliff Lee,2003 Bowman Draft,(BAS/BLUEINK)
53803365909, Grady Sizemore,2003 Bowman Draft,(BLUEINK/PSA)
54257225741, Grady Sizemore,2003 Bowman Draft,(BAS/BLUEINK/AVAILABLE)
53803281028, Grady Sizemore,2003 Bowman Draft Fabric of the Future,(BAS/BLACKINK/MEM)
52847143903, CC Sabathia,2003 Bowman Heritage,(BAS/BLACKINK/HOF)
52862206111, Victor Martinez,2003 Bowman Heritage,(BAS/BLACKINK)
54342336846, Cliff Lee,2003 Choice Buffalo Bisons,(PSA/BLUEINK)
53835507179, Coco Crisp,2003 Choice Buffalo Bisons,(BAS/BLACKINK/MILB)
54342336906, Victor Martinez,2003 Choice Buffalo Bisons,(PSA/BLUEINK)
54342565728, Victor Martinez,2003 Choice International League Top Prospects,(PSA/BLUEINK)
53239934910, CC Sabathia,2003 Diamond Kings,(BAS/BLACKINK/HOF)
53802605138, Cliff Lee,2003 Diamond Kings,(BAS/BLACKINK)
53802604963, Cliff Lee,2003 Diamond Kings Bronze Foil,(BAS/BLACKINK)
53802693009, Cliff Lee,2003 Diamond Kings Silver Foil,(BAS/BLACKINK)
52693811605, CC Sabathia,2003 Donruss,(BAS/BLACKINK/HOF)
54351018039, Cliff Lee,2003 Donruss Champions,(BAS/BLUEINK)
53896127161, Victor Martinez,2003 Donruss Champions,(BAS/BLUEINK)
53802795735, Cliff Lee,2003 Donruss Stat Line Career,(BAS/BLACKINK)
53895207457, Victor Martinez,2003 Fleer Authentix,(BAS/BLUEINK)
52693890018, CC Sabathia,2003 Fleer Tradition,(BAS/BLACKINK/HOF)
53895207547, Victor Martinez,2003 Fleer Tradition,(BAS/BLUEINK)
53835529149, Shin/Soo Choo,2003 Grandstand,(BLUEINK/MILB/PSA)
53807617609, Grady Sizemore,2003 Grandstand Akron Aeros,(BAS/BLUEINK/MILB)
54257225936, Grady Sizemore,2003 Grandstand Akron Aeros,(BAS/BLUEINK/MILB/AVAILABLE)
52692883927, CC Sabathia,2003 Leaf,(BAS/BLACKINK/HOF)
53807624009, Cliff Lee,2003 Leaf,(BAS/BLUEINK)
53807297296, Cliff Lee,2003 Leaf Certified Materials,(BAS/BLACKINK)
53803475925, Grady Sizemore,2003 Multi-Ad Akron Aeros,(BAS/BLUEINK/MILB)
53776397494, CC Sabathia,2003 Playoff Portraits,(BLUEINK/PSA/HOF)
53895207522, Victor Martinez,2003 Studio,(BAS/BLUEINK)
52867649487, CC Sabathia,2003 Topps,(BAS/BLUEINK/HOF)
53802693014, Cliff Lee,2003 Topps,(BAS/BLUEINK)
54257226051, Cliff Lee,2003 Topps,(BAS/BLUEINK/AVAILABLE)
54323697416, Shin Soo Choo/Chris Snelling,2003 Topps,(BAS/BLUEINK/DUAL)
53807611809, Victor Martinez/Brandon Phillips,2003 Topps,(BAS/DUAL/BLUEINK)
53803041416, Grady Sizemore,2003 Topps 205,(BAS/BLUEINK)
54080346941, Cliff Lee,2003 Topps Heritage,(BLACKINK/PSA)
54798090237, Cliff Lee,2003 Topps Heritage,(BLUEINK/PSA/INDIANS)
52862596180, Victor Martinez,2003 Topps Heritage,(BAS/BLUEINK)
53802363101, Cliff Lee,2003 Topps Total,(BAS/BLUEINK)
52861629292, Victor Martinez,2003 Topps Total,(BAS/BLACKINK)
53835369896, Shin/Soo Choo,2003 Topps Traded,(BAS/BLUEINK/MARINERS)
53835514160, Bob Feller,2003 Topps Tribute Perennial All-Star Relics,(BAS/BLUEINK/HOF/MEM)
53807586049, CC Sabathia,2003 Ultra,(BAS/BLUEINK/HOF)
53802794770, Cliff Lee,2003 Upper Deck,(BAS/BLUEINK)
53802604968, Cliff Lee,2003 Upper Deck MVP,(BAS/BLACKINK)
53802123742, Sandy Alomar Jr,2003 Upper Deck MVP Celebration,(BAS/BLUEINK)
53524819647, Victor Martinez,2003-04 Lineup Venezuela,(BAS/BLACKINK)
52846881609, CC Sabathia,2004 Bazooka,(BAS/BLACKINK/HOF)
53802794795, Cliff Lee,2004 Bazooka,(BAS/BLUEINK)
53802107362, Grady Sizemore,2004 Bazooka,(BLACKINK/BAS)
53802363086, Cliff Lee,2004 Bazooka Red Chunks,(BAS/BLUEINK)
54452873366, CC Sabathia,2004 Bowman,(PSA/REDINK/HOF)
53802364511, Cliff Lee,2004 Bowman Heritage,(BAS/BLUEINK)
52862596160, Victor Martinez,2004 Bowman Heritage,(BAS/BLUEINK)
54452018492, Shin/Soo Choo,2004 Choice,(PSA/BLUEINK/MILB)
53895224417, Brandon Phillips,2004 Choice Buffalo Bisons,(BAS/BLUEINK/MILB)
54080595718, CC Sabathia,2004 Cracker Jack,(BLACKINK/PSA/HOF)
53803281318, Grady Sizemore,2004 Cracker Jack,(BAS/BLUEINK)
52862205341, Victor Martinez,2004 Cracker Jack,(BAS/BLUEINK)
53803476310, Grady Sizemore,2004 Cracker Jack Mini Sticker,(BAS/BLUEINK)
53807540313, Cliff Lee,2004 Donruss Classics,(BAS/BLUEINK)
52693401371, CC Sabathia,2004 Fleer Tradition,(BAS/BLACKINK/HOF)
53835623930, Shin/Soo Choo,2004 Grandstand,(BAS/BLUEINK/MILB)
54257455618, Shin/Soo Choo,2004 Grandstand,(PSA/BLUEINK/MILB)
53886380946, Sandy Alomar Jr,2004 SP Authentic ASM,(BAS/BLUEINK)
54799179089, CC Sabathia,2004 Studio,(PSA/INDIANS/BLACKINK/HOF)
53807623894, Cliff Lee,2004 Topps,(BAS/BLUEINK)
53803475915, Grady Sizemore/Jeremy Guthrie,2004 Topps,(BAS/BLUEINK/DUAL)
53895207437, Victor Martinez,2004 Topps Heritage,(BAS/BLUEINK)
54342337271, Cliff Lee,2004 Topps Total,(PSA/BLUEINK)
53803041566, Grady Sizemore,2004 Topps Total,(BAS/BLACKINK)
53802606418, Cliff Lee,2004 Topps Total Silver,(BAS/BLUEINK)
53802796255, Cliff Lee,2004 Upper Deck,(BAS/BLUEINK)
54798945356, Victor Martinez,2005 Bowman,(BLUEINK/PSA/INDIANS)
53835809960, Shin/Soo Choo,2005 Bowman Chrome Draft,(BAS/BLUEINK/MARINERS)
53835370416, Shin/Soo Choo,2005 Bowman Draft,(BAS/BLUEINK/MARINERS)
53835369741, Shin/Soo Choo,2005 Bowman Draft Gold,(BAS/BLUEINK/MARINERS)
53896386038, Brandon Phillips,2005 Choice Buffalo Bisons,(BAS/BLUEINK/MILB)
52709068501, Cliff Lee,2005 Cleveland Indians,(BAS/BLACKINK)
53803041581, Grady Sizemore,2005 Fleer Tradition,(BAS/BLUEINK)
53896369218, Victor Martinez,2005 Leaf,(BAS/BLUEINK)
53835529159, Shin/Soo Choo,2005 Multi-Ad,(BAS/BLUEINK/MILB)
52693401016, CC Sabathia,2005 Topps,(BAS/BLACKINK/HOF)
53802606428, Cliff Lee,2005 Topps,(BLUEINK/PSA)
54257226056, Cliff Lee,2005 Topps,(BAS/BLUEINK/AVAILABLE)
54080346286, Cliff Lee,2005 Topps Heritage,(BLACKINK/PSA)
53803476245, Grady Sizemore,2005 Topps Heritage,(BAS/BLUEINK)
52692883802, CC Sabathia,2005 Topps Opening Day,(BAS/BLUEINK/HOF)
53802796270, Cliff Lee,2005 Topps Total,(BAS/BLUEINK)
53807259306, CC Sabathia,2005 Topps Turkey Red,(BAS/BLUEINK/HOF)
53835183686, Shin/Soo Choo,2005 Topps Update,(BAS/BLUEINK/MARINERS)
53806326202, CC Sabathia,2005 Ultra,(BAS/BLUEINK/HOF)
52693666419, CC Sabathia,2005 Upper Deck,(BAS/BLUEINK/HOF)
53807297291, Cliff Lee,2005 Upper Deck,(BAS/BLUEINK)
53802400141, CC Sabathia/Victor Martinez,2005 Upper Deck TL,(BAS/BLACKINK/DUAL/HOF)
52692883247, CC Sabathia,2006 Bowman,(BAS/BLUEINK/HOF)
53802796265, Cliff Lee,2006 Bowman,(BAS/BLUEINK)
52706538146, CC Sabathia,2006 Cleveland Indians,(BAS/BLACKINK/HOF)
52693890408, CC Sabathia,2006 Fleer,(BAS/BLACKINK/HOF)
53834174187, Minnie Minoso,2006 Hero Decks,(BAS/BLUEINK/HOF)
53801430162, Cliff Lee,2006 SP Authentic,(BAS/BLUEINK)
53835623885, Shin/Soo Choo,2006 Topps 52,(BAS/BLUEINK)
52692883527, CC Sabathia,2006 Topps Allen & Ginter,(BAS/BLACKINK/HOF)
53895207552, Victor Martinez,2006 Topps Allen & Ginter,(BAS/BLUEINK)
53835411963, Travis Hafner,2006 Topps Heritage,(BLACKINK/PSA)
52693811265, CC Sabathia,2006 Topps Turkey Red,(BAS/BLACKINK/HOF)
54080672999, Cliff Lee,2006 Topps Turkey Red,(BLUEINK/PSA)
53892091653, Grady Sizemore,2006 Topps Turkey Red,(BAS/BLUEINK)
54342549064, Cliff Lee,2006 Upper Deck,(PSA/BLUEINK)
53835183621, Shin/Soo Choo,2006 Upper Deck,(BAS/BLUEINK)
53802363216, Cliff Lee,2006 Upper Deck First Pitch,(BAS/BLUEINK)
53835506904, Corey Kluber,2007 Bowman Draft,(BLUEINK/PSA/PADRES)
54792062491, Corey Kluber,2007 Bowman Draft Gold,(PADRES/PSA/BLUEINK)
54799200038, Grady Sizemore,2007 Bowman Heritage Pieces of Greatness,(MEM/BLUEINK/PSA/INDIANS)
53835183596, Shin/Soo Choo,2007 Choice Buffalo Bisons,(BLUEINK/MILB/PSA)
53806364897, Cliff Lee,2007 Fleer,(BAS/BLUEINK)
53776397489, CC Sabathia,2007 SP Rookie Edition,(BLUEINK/PSA/HOF)
53835529074, Shin/Soo Choo,2007 Topps,(BAS/BLUEINK)
52693666619, CC Sabathia,2007 Topps Allen & Ginter,(BAS/BLUEINK/HOF)
52692883332, CC Sabathia,2007 Topps Co-Signers,(SGC/BLACKINK/HOF)
53892268295, Grady Sizemore,2007 Topps Heritage,(BAS/BLUEINK)
54452018382, Victor Martinez,2007 Topps Heritage,(PSA/BLACKINK)
52868660258, CC Sabathia,2007 Topps Opening Day,(BAS/BLUEINK)
53890935902, Grady Sizemore,2007 Topps Turkey Red,(BAS/BLUEINK)
53239750698, CC Sabathia,2007 Ultra,(BAS/BLUEINK/HOF)
54342750745, Cliff Lee,2007 Upper Deck,(PSA/BLUEINK)
53776397504, CC Sabathia,2007 Upper Deck Spectrum,(BLUEINK/PSA/HOF)
54453231230, Carlos Santana,2008 Grandstand,(PSA/BLUEINK/MILB)
53802107262, Grady Sizemore,2008 Topps,(BLUEINK/PSA)
53892268290, Grady Sizemore,2008 Topps,(BAS/BLUEINK)
53886999755, Kenny Lofton,2008 Topps,(BAS/BLACKINK)
53886999860, Kenny Lofton,2008 Topps 50th Anniversary All Rookie Team,(BAS/BLACKINK)
53807586159, CC Sabathia,2008 Topps Allen & Ginter,(BAS/BLUEINK/HOF)
53775159227, CC Sabathia,2008 Topps Co-Signers,(BLUEINK/PSA/HOF)
53891852296, Grady Sizemore,2008 Topps Heritage,(BAS/BLUEINK)
53895207592, Victor Martinez,2008 Topps Heritage,(BAS/BLUEINK)
53892092353, Grady Sizemore,2008 UD Masterpieces,(BAS/BLUEINK)
53238584257, Victor Martinez,2008 Upper Deck,(BAS/BLUEINK/MEM)
53802107252, Grady Sizemore,2008 Upper Deck First Edition Starquest,(BAS/BLUEINK)
53807502218, CC Sabathia,2008 Upper Deck Goudey,(BAS/BLUEINK/HOF)
53803476110, Grady Sizemore,2008 Upper Deck Goudey,(BAS/BLUEINK)
53892126959, Micharl Brantley,2009 Choice International League Top Prospects,(BAS/BLUEINK/MILB)
53835441073, Jason Kipnis,2009 Choice Mahoning Valley Scrappers,(BAS/BLUEINK/MILB)
53891862431, Jason Kipnis,2009 Choice Mahoning Valley Scrappers,(BAS/BLUEINK/MILB)
54342337146, Corey Kluber,2009 Grandstand,(PSA/BLUEINK)
53835473869, Carlos Santana,2009 Grandstand Eastern League Akron Aeros,(BLUEINK/BAS/MILB)
53890935972, Grady Sizemore,2009 Sweet Spot Swatches,(BAS/BLUEINK/MEM)
53802605708, Cliff Lee,2009 Topps,(BLUEINK/PSA)
53892268275, Grady Sizemore,2009 Topps Allen & Ginter,(BAS/BLUEINK)
53892196844, Shin/Soo Choo,2009 Topps Allen & Ginter National Pride,(BAS/BLUEINK)
53802795720, Cliff Lee,2009 Topps Chrome Blue Refractor,(BECKETTJSA/BLACKINK)
53802107207, Grady Sizemore,2009 Upper Deck First Edition,(BAS/BLACKINK)
53835386198, Francisco Lindor,2010 Bowman Chrome USA,(BAS/BLUEINK/USA)
53835433888, Shin/Soo Choo,2010 Bowman Platinum,(BAS/BLUEINK)
53835190671, Jason Kipnis,2010 Choice Kinston Indians,(BAS/BLACKINK/MILB)
53892277980, Jason Kipnis,2010 Choice Kinston Indians,(BAS/BLUEINK/MILB)
54342750350, Corey Kluber,2010 Grandstand,(PSA/BLUEINK)
53892187729, Grady Sizemore,2010 Topps Heritage,(BAS/BLUEINK)
53835473844, Michael Brantley,2010 Topps Heritage,(BAS/BLUEINK)
53835433913, Shin/Soo Choo,2010 Topps Heritage,(BAS/BLUEINK)
53834292722, Jason Kipnis,2010 Topps Pro Debut,(BAS/BLUEINK/MILB)
53834230572, Carlos Santana,2010 Topps Pro Debut Double-A All-Stars,(BAS/BLUEINK/MILB)
53890874082, Francisco Lindor,2011 Bowman Draft,(BAS/BLUEINK)
53834262877, Corey Kluber,2011 Choice Columbus Clippers,(SGC/BLUEINK/MILB)
53835536519, Jason Kipnis,2011 Choice Columbus Clippers,(BAS/BLACKINK/MILB)
53892198354, Jason Kipnis,2011 Choice International League Top Prospects,(BAS/BLUEINK/MILB)
53835441103, Jason Kipnis,2011 Topps eTopps,(BAS/BLUEINK)
53891852306, Grady Sizemore,2011 Topps Heritage,(BAS/BLUEINK)
53892102378, Jason Kipnis,2011 Topps Pro Debut,(BAS/BLUEINK/MILB)
54256336137, Jason Kipnis,2011 Topps Pro Debut,(BAS/BLUEINK/MILB/AVAILABLE)
53835623995, Shin/Soo Choo,2011 Topps Topps Town,(BAS/BLACKINK)
53835536569, Jason Kipnis,2011 Topps Update Hope Diamond,(BAS/BLUEINK)
53835125536, Francisco Lindor,2012 Grandstand Lake County Captains,(BAS/BLUEINK/MILB)
54342548839, Francisco Lindor,2012 Grandstand Midwest League,(PSA/BLUEINK)
53803366004, Grady Sizemore,2012 Topps,(BAS/BLUEINK)
54323927349, Asdrubal Cabrera/Carlos Santana,2012 Topps Heritage,(BAS/BLUEINK/DUAL)
54272987867, Shin Soo Choo,2012 Topps Heritage,(BAS/BLUEINK)
53835376693, Francisco Lindor,2012 Topps Heritage Minors,(BAS/BLUEINK/MILB)
53835160581, Jose Ramirez,2012 Topps Pro Debut,(BAS/BLUEINK/MILB)
53835471449, Francisco Lindor,2013 Choice Carolina League,(BAS/BLUEINK/MILB)
53835125496, Francisco Lindor,2013 Choice Carolina Mudcats,(BAS/BLUEINK/MILB)
53835581335, Francisco Lindor,2013 Grandstand,(BAS/BLUEINK/MILB)
53835411383, Jose Ramirez,2013 Grandstand Akron Aeros,(BAS/BLUEINK/MILB)
53835140096, Francisco Lindor,2013 Topps Heritage Minors,(BAS/BLACKINK/MILB)
53834242072, Francisco Lindor,2013 Topps Heritage Minors 1964 Bazooka,(BLUEINK/MILB/PSA)
53835161201, Corey Kluber,2013 Topps Update,(BAS/BLUEINK)
54342565648, Francisco Lindor,2014 Grandstand Akron Rubberducks,(PSA/BLUEINK)
53834237532, Charlie Sheen (Ricky Vaughn),2014 Topps Archives Major League,(BAS/BLUEINK)
53835769305, Charlie Sheen (Ricky Vaughn),2014 Topps Archives Major League 5x7,(BAS/BLUEINK)
53835385913, Terry Francona,2014 Topps Heritage,(BAS/BLUEINK)
53835385918, Francisco Lindor,2014 Topps Heritage Minors,(BAS/BLUEINK/MILB)
53835386063, Francisco Lindor,2014 Topps Heritage Minors Black,(BAS/BLUEINK/MILB)
53834237737, Francisco Lindor,2014 Topps Heritage Minors Clubhouse Collection,(BAS/BLUEINK/MILB/MEM)
53896464764, Victor Martinez,2015 Topps 1st Home Run Medallions,(BAS/BLUEINK)
53834237662, Terry Francona,2015 Topps Heritage,(BAS/BLUEINK)
53803059781, Francisco Lindor/Sandy Alomar Jr,2015 Topps Update,(BAS/BLUEINK/DUAL)
52862205646, Victor Martinez,2016 Topps #MLB Debut,(BAS/BLUEINK)
54323921958, Francisco Lindor/Jason Kipnis,2016 Topps Heritage,(BAS/BLUEINK/DUAL)
54257226001, Mike Clevinger,2016 Topps Pro Debut,(BAS/BLACKINK/MILB)
53835569560,,2017 Topps Tom Hamilton,(BAS/BLACKINK)
53835160741, Emmanuel Clase,2018 Grandstand,(BAS/BLUEINK/MILB)
54154285383, Shane Bieber,2018 Topps Chrome Update Pink Refractor,(BLUEINK/INSCRIPTION/PSA)
53835601640, Shane Bieber,2018 Topps Update,(BLUEINK/INSCRIPTION/PSA)
53886799315, Sandy Alomar Jr,2019 Topps Update 150 Years of Baseball,(BAS/BLUEINK)
53806304802, Kenny Lofton,2020 Topps Allen & Ginter,(BAS/BLUEINK)
53835160526, Steven Kwan,2021 Choice,(BAS/BLUEINK/MILB)
53835411438, Triston McKenzie,2021 Topps NOW,(BAS/BLUEINK)
53890874102, Steven Kwan,2022 Topps Fresh Faces,(BAS/BLUEINK)
53892029688, Steven Kwan,2022 Topps Living,(BAS/BLUEINK)
53835160426, Steven Kwan,2022 Topps NOW,(BAS/BLUEINK)
53835601530, Steven Kwan,2022 Topps NOW,(BAS/BLUEINK)
53835601560, Steven Kwan,2022 Topps NOW,(BAS/SILVERINK)
53891790116, Steven Kwan,2022 Topps NOW,(BAS/BLUEINK)
54351018354, Steven Kwan,2022 Topps NOW,(BAS/BLUEINK)
54351039008, Steven Kwan,2022 Topps NOW,(BAS/BLUEINK)
53835506634, Steven Kwan,2022 Topps Throwback Thursday,(BAS/BLUEINK)
53835160761,,Chris Antonetti,(BAS/BLACKINK)
53835506854,,Chris Antonetti,(BAS/BLACKINK)
52513628775, Manny Ramirez,Custom Card,(BAS/BLUEINK)
52691659036, Manny Ramirez,Custom Card,(BAS/BLUEINK)
52512334806, Steve Olin,Custom Card,(BAS/BLUEINK)
53835128031, Tom Hamilton,Custom Card,(BAS/BLUEINK)
53835569580, Tom Hamilton,Custom Card,(BAS/BLUEINK)
54351222460, Tom Hamilton,Custom Card,(BAS/HOF/BLUEINK)
52708548172,,Manny Ramirez,(BAS/BLUEINK)
52709556158,,Manny Ramirez Signed Photo,(BAS/BLUEINK)
54349925967,,Nolan Ryan Final Win Ticket,(BAS)
53835577938, Gee Walker,Postcard,(BAS/BLUEINK)
52512811725,,Steve Olin,(BAS/BLUEINK)
54453062159, Albert Belle,Ticket (50th HR in 50/50 season),(PSA/BLUEINK)
